PRAGMA foreign_keys=OFF;
BEGIN TRANSACTION;
CREATE TABLE IF NOT EXISTS "django_migrations" ("id" integer NOT NULL PRIMARY KEY AUTOINCREMENT, "app" varchar(255) NOT NULL, "name" varchar(255) NOT NULL, "applied" datetime NOT NULL);
INSERT INTO django_migrations VALUES(1,'contenttypes','0001_initial','2024-09-29 17:55:10.926771');
INSERT INTO django_migrations VALUES(2,'auth','0001_initial','2024-09-29 17:55:10.969975');
INSERT INTO django_migrations VALUES(3,'admin','0001_initial','2024-09-29 17:55:10.994342');
INSERT INTO django_migrations VALUES(4,'admin','0002_logentry_remove_auto_add','2024-09-29 17:55:11.028979');
INSERT INTO django_migrations VALUES(5,'admin','0003_logentry_add_action_flag_choices','2024-09-29 17:55:11.198755');
INSERT INTO django_migrations VALUES(6,'contenttypes','0002_remove_content_type_name','2024-09-29 17:55:11.242818');
INSERT INTO django_migrations VALUES(7,'auth','0002_alter_permission_name_max_length','2024-09-29 17:55:11.271580');
INSERT INTO django_migrations VALUES(8,'auth','0003_alter_user_email_max_length','2024-09-29 17:55:11.300564');
INSERT INTO django_migrations VALUES(9,'auth','0004_alter_user_username_opts','2024-09-29 17:55:11.320808');
INSERT INTO django_migrations VALUES(10,'auth','0005_alter_user_last_login_null','2024-09-29 17:55:11.350798');
INSERT INTO django_migrations VALUES(11,'auth','0006_require_contenttypes_0002','2024-09-29 17:55:11.360621');
INSERT INTO django_migrations VALUES(12,'auth','0007_alter_validators_add_error_messages','2024-09-29 17:55:11.378779');
INSERT INTO django_migrations VALUES(13,'auth','0008_alter_user_username_max_length','2024-09-29 17:55:11.415692');
INSERT INTO django_migrations VALUES(14,'auth','0009_alter_user_last_name_max_length','2024-09-29 17:55:11.438692');
INSERT INTO django_migrations VALUES(15,'auth','0010_alter_group_name_max_length','2024-09-29 17:55:11.469666');
INSERT INTO django_migrations VALUES(16,'auth','0011_update_proxy_permissions','2024-09-29 17:55:11.487496');
INSERT INTO django_migrations VALUES(17,'auth','0012_alter_user_first_name_max_length','2024-09-29 17:55:11.514634');
INSERT INTO django_migrations VALUES(18,'sessions','0001_initial','2024-09-29 17:55:11.534490');
INSERT INTO django_migrations VALUES(19,'GestionAudiovisualApp','0001_initial','2024-09-29 18:15:30.473889');
CREATE TABLE IF NOT EXISTS "auth_group_permissions" ("id" integer NOT NULL PRIMARY KEY AUTOINCREMENT, "group_id" integer NOT NULL REFERENCES "auth_group" ("id") DEFERRABLE INITIALLY DEFERRED, "permission_id" integer NOT NULL REFERENCES "auth_permission" ("id") DEFERRABLE INITIALLY DEFERRED);
CREATE TABLE IF NOT EXISTS "auth_user_groups" ("id" integer NOT NULL PRIMARY KEY AUTOINCREMENT, "user_id" integer NOT NULL REFERENCES "auth_user" ("id") DEFERRABLE INITIALLY DEFERRED, "group_id" integer NOT NULL REFERENCES "auth_group" ("id") DEFERRABLE INITIALLY DEFERRED);
CREATE TABLE IF NOT EXISTS "auth_user_user_permissions" ("id" integer NOT NULL PRIMARY KEY AUTOINCREMENT, "user_id" integer NOT NULL REFERENCES "auth_user" ("id") DEFERRABLE INITIALLY DEFERRED, "permission_id" integer NOT NULL REFERENCES "auth_permission" ("id") DEFERRABLE INITIALLY DEFERRED);
CREATE TABLE IF NOT EXISTS "django_admin_log" ("id" integer NOT NULL PRIMARY KEY AUTOINCREMENT, "object_id" text NULL, "object_repr" varchar(200) NOT NULL, "action_flag" smallint unsigned NOT NULL CHECK ("action_flag" >= 0), "change_message" text NOT NULL, "content_type_id" integer NULL REFERENCES "django_content_type" ("id") DEFERRABLE INITIALLY DEFERRED, "user_id" integer NOT NULL REFERENCES "auth_user" ("id") DEFERRABLE INITIALLY DEFERRED, "action_time" datetime NOT NULL);
CREATE TABLE IF NOT EXISTS "django_content_type" ("id" integer NOT NULL PRIMARY KEY AUTOINCREMENT, "app_label" varchar(100) NOT NULL, "model" varchar(100) NOT NULL);
INSERT INTO django_content_type VALUES(1,'admin','logentry');
INSERT INTO django_content_type VALUES(2,'auth','permission');
INSERT INTO django_content_type VALUES(3,'auth','group');
INSERT INTO django_content_type VALUES(4,'auth','user');
INSERT INTO django_content_type VALUES(5,'contenttypes','contenttype');
INSERT INTO django_content_type VALUES(6,'sessions','session');
INSERT INTO django_content_type VALUES(7,'GestionAudiovisualApp','empleado');
INSERT INTO django_content_type VALUES(8,'GestionAudiovisualApp','usuario');
INSERT INTO django_content_type VALUES(9,'GestionAudiovisualApp','prestamo');
INSERT INTO django_content_type VALUES(10,'GestionAudiovisualApp','modelo');
INSERT INTO django_content_type VALUES(11,'GestionAudiovisualApp','equipo');
INSERT INTO django_content_type VALUES(12,'GestionAudiovisualApp','tipoequipo');
INSERT INTO django_content_type VALUES(13,'GestionAudiovisualApp','tecnologiaconexion');
INSERT INTO django_content_type VALUES(14,'GestionAudiovisualApp','marca');
CREATE TABLE IF NOT EXISTS "auth_permission" ("id" integer NOT NULL PRIMARY KEY AUTOINCREMENT, "content_type_id" integer NOT NULL REFERENCES "django_content_type" ("id") DEFERRABLE INITIALLY DEFERRED, "codename" varchar(100) NOT NULL, "name" varchar(255) NOT NULL);
INSERT INTO auth_permission VALUES(1,1,'add_logentry','Can add log entry');
INSERT INTO auth_permission VALUES(2,1,'change_logentry','Can change log entry');
INSERT INTO auth_permission VALUES(3,1,'delete_logentry','Can delete log entry');
INSERT INTO auth_permission VALUES(4,1,'view_logentry','Can view log entry');
INSERT INTO auth_permission VALUES(5,2,'add_permission','Can add permission');
INSERT INTO auth_permission VALUES(6,2,'change_permission','Can change permission');
INSERT INTO auth_permission VALUES(7,2,'delete_permission','Can delete permission');
INSERT INTO auth_permission VALUES(8,2,'view_permission','Can view permission');
INSERT INTO auth_permission VALUES(9,3,'add_group','Can add group');
INSERT INTO auth_permission VALUES(10,3,'change_group','Can change group');
INSERT INTO auth_permission VALUES(11,3,'delete_group','Can delete group');
INSERT INTO auth_permission VALUES(12,3,'view_group','Can view group');
INSERT INTO auth_permission VALUES(13,4,'add_user','Can add user');
INSERT INTO auth_permission VALUES(14,4,'change_user','Can change user');
INSERT INTO auth_permission VALUES(15,4,'delete_user','Can delete user');
INSERT INTO auth_permission VALUES(16,4,'view_user','Can view user');
INSERT INTO auth_permission VALUES(17,5,'add_contenttype','Can add content type');
INSERT INTO auth_permission VALUES(18,5,'change_contenttype','Can change content type');
INSERT INTO auth_permission VALUES(19,5,'delete_contenttype','Can delete content type');
INSERT INTO auth_permission VALUES(20,5,'view_contenttype','Can view content type');
INSERT INTO auth_permission VALUES(21,6,'add_session','Can add session');
INSERT INTO auth_permission VALUES(22,6,'change_session','Can change session');
INSERT INTO auth_permission VALUES(23,6,'delete_session','Can delete session');
INSERT INTO auth_permission VALUES(24,6,'view_session','Can view session');
INSERT INTO auth_permission VALUES(25,7,'add_empleado','Can add empleado');
INSERT INTO auth_permission VALUES(26,7,'change_empleado','Can change empleado');
INSERT INTO auth_permission VALUES(27,7,'delete_empleado','Can delete empleado');
INSERT INTO auth_permission VALUES(28,7,'view_empleado','Can view empleado');
INSERT INTO auth_permission VALUES(29,8,'add_usuario','Can add usuario');
INSERT INTO auth_permission VALUES(30,8,'change_usuario','Can change usuario');
INSERT INTO auth_permission VALUES(31,8,'delete_usuario','Can delete usuario');
INSERT INTO auth_permission VALUES(32,8,'view_usuario','Can view usuario');
INSERT INTO auth_permission VALUES(33,9,'add_prestamo','Can add prestamo');
INSERT INTO auth_permission VALUES(34,9,'change_prestamo','Can change prestamo');
INSERT INTO auth_permission VALUES(35,9,'delete_prestamo','Can delete prestamo');
INSERT INTO auth_permission VALUES(36,9,'view_prestamo','Can view prestamo');
INSERT INTO auth_permission VALUES(37,10,'add_modelo','Can add modelo');
INSERT INTO auth_permission VALUES(38,10,'change_modelo','Can change modelo');
INSERT INTO auth_permission VALUES(39,10,'delete_modelo','Can delete modelo');
INSERT INTO auth_permission VALUES(40,10,'view_modelo','Can view modelo');
INSERT INTO auth_permission VALUES(41,11,'add_equipo','Can add equipo');
INSERT INTO auth_permission VALUES(42,11,'change_equipo','Can change equipo');
INSERT INTO auth_permission VALUES(43,11,'delete_equipo','Can delete equipo');
INSERT INTO auth_permission VALUES(44,11,'view_equipo','Can view equipo');
INSERT INTO auth_permission VALUES(45,12,'add_tipoequipo','Can add tipo equipo');
INSERT INTO auth_permission VALUES(46,12,'change_tipoequipo','Can change tipo equipo');
INSERT INTO auth_permission VALUES(47,12,'delete_tipoequipo','Can delete tipo equipo');
INSERT INTO auth_permission VALUES(48,12,'view_tipoequipo','Can view tipo equipo');
INSERT INTO auth_permission VALUES(49,13,'add_tecnologiaconexion','Can add tecnologia conexion');
INSERT INTO auth_permission VALUES(50,13,'change_tecnologiaconexion','Can change tecnologia conexion');
INSERT INTO auth_permission VALUES(51,13,'delete_tecnologiaconexion','Can delete tecnologia conexion');
INSERT INTO auth_permission VALUES(52,13,'view_tecnologiaconexion','Can view tecnologia conexion');
INSERT INTO auth_permission VALUES(53,14,'add_marca','Can add marca');
INSERT INTO auth_permission VALUES(54,14,'change_marca','Can change marca');
INSERT INTO auth_permission VALUES(55,14,'delete_marca','Can delete marca');
INSERT INTO auth_permission VALUES(56,14,'view_marca','Can view marca');
CREATE TABLE IF NOT EXISTS "auth_group" ("id" integer NOT NULL PRIMARY KEY AUTOINCREMENT, "name" varchar(150) NOT NULL UNIQUE);
CREATE TABLE IF NOT EXISTS "auth_user" ("id" integer NOT NULL PRIMARY KEY AUTOINCREMENT, "password" varchar(128) NOT NULL, "last_login" datetime NULL, "is_superuser" bool NOT NULL, "username" varchar(150) NOT NULL UNIQUE, "last_name" varchar(150) NOT NULL, "email" varchar(254) NOT NULL, "is_staff" bool NOT NULL, "is_active" bool NOT NULL, "date_joined" datetime NOT NULL, "first_name" varchar(150) NOT NULL);
INSERT INTO auth_user VALUES(1,'pbkdf2_sha256$600000$VDzxTWiw1o59XsB181np0h$o06C2n8RKCQw5kjDqqImDsyvzbVlKWLSrVTqlBh856M=','2024-09-29 19:10:43.999932',1,'admin','','admin@example.com',1,1,'2024-09-29 17:56:18.163340','');
CREATE TABLE IF NOT EXISTS "django_session" ("session_key" varchar(40) NOT NULL PRIMARY KEY, "session_data" text NOT NULL, "expire_date" datetime NOT NULL);
INSERT INTO django_session VALUES('u8xxcpjz02r3t22reckk1tndysdi9cye','.eJxVjLsOAiEURP-F2hDk8lpL-_0GcoGLrBpIlt3K-O9KsoU2U8w5My_mcd-K3zutfknsws7s9NsFjA-qA6Q71lvjsdVtXQIfCj9o53NL9Lwe7t9BwV6-a-copyyEkWiDdhOYrChISEZBlBpQkdWZLAKppEEjCaARaI2elGTvD-jQN9Y:1suzJc:ggPLqi6YUGMn5sBNms7BYncyw6_PRaYHvGKj0wpA9X0','2024-10-13 19:10:44.008805');
CREATE TABLE IF NOT EXISTS "GestionAudiovisualApp_empleado" ("id" integer NOT NULL PRIMARY KEY AUTOINCREMENT, "nombre" varchar(100) NOT NULL, "cedula" varchar(11) NOT NULL, "tanda_labor" varchar(50) NOT NULL, "fecha_ingreso" date NOT NULL, "estado" bool NOT NULL);
CREATE TABLE IF NOT EXISTS "GestionAudiovisualApp_marca" ("id" integer NOT NULL PRIMARY KEY AUTOINCREMENT, "descripcion" varchar(100) NOT NULL, "estado" bool NOT NULL);
CREATE TABLE IF NOT EXISTS "GestionAudiovisualApp_tecnologiaconexion" ("id" integer NOT NULL PRIMARY KEY AUTOINCREMENT, "descripcion" varchar(100) NOT NULL, "estado" bool NOT NULL);
CREATE TABLE IF NOT EXISTS "GestionAudiovisualApp_tipoequipo" ("id" integer NOT NULL PRIMARY KEY AUTOINCREMENT, "descripcion" varchar(100) NOT NULL, "estado" bool NOT NULL);
CREATE TABLE IF NOT EXISTS "GestionAudiovisualApp_usuario" ("id" integer NOT NULL PRIMARY KEY AUTOINCREMENT, "nombre" varchar(100) NOT NULL, "cedula" varchar(11) NOT NULL, "numero_carnet" varchar(20) NOT NULL, "tipo_usuario" varchar(50) NOT NULL, "tipo_persona" varchar(20) NOT NULL, "estado" bool NOT NULL);
CREATE TABLE IF NOT EXISTS "GestionAudiovisualApp_prestamo" ("id" integer NOT NULL PRIMARY KEY AUTOINCREMENT, "fecha_prestamo" datetime NOT NULL, "fecha_devolucion" datetime NULL, "comentario" text NULL, "estado" bool NOT NULL, "empleado_id" bigint NOT NULL REFERENCES "GestionAudiovisualApp_empleado" ("id") DEFERRABLE INITIALLY DEFERRED, "equipo_id" bigint NOT NULL REFERENCES "GestionAudiovisualApp_equipo" ("id") DEFERRABLE INITIALLY DEFERRED, "usuario_id" bigint NOT NULL REFERENCES "GestionAudiovisualApp_usuario" ("id") DEFERRABLE INITIALLY DEFERRED);
CREATE TABLE IF NOT EXISTS "GestionAudiovisualApp_modelo" ("id" integer NOT NULL PRIMARY KEY AUTOINCREMENT, "descripcion" varchar(100) NOT NULL, "estado" bool NOT NULL, "marca_id" bigint NOT NULL REFERENCES "GestionAudiovisualApp_marca" ("id") DEFERRABLE INITIALLY DEFERRED);
CREATE TABLE IF NOT EXISTS "GestionAudiovisualApp_equipo" ("id" integer NOT NULL PRIMARY KEY AUTOINCREMENT, "descripcion" varchar(100) NOT NULL, "numero_serial" varchar(50) NOT NULL, "service_tag" varchar(50) NOT NULL, "estado" bool NOT NULL, "marca_id" bigint NOT NULL REFERENCES "GestionAudiovisualApp_marca" ("id") DEFERRABLE INITIALLY DEFERRED, "modelo_id" bigint NOT NULL REFERENCES "GestionAudiovisualApp_modelo" ("id") DEFERRABLE INITIALLY DEFERRED, "tecnologia_conexion_id" bigint NOT NULL REFERENCES "GestionAudiovisualApp_tecnologiaconexion" ("id") DEFERRABLE INITIALLY DEFERRED, "tipo_equipo_id" bigint NOT NULL REFERENCES "GestionAudiovisualApp_tipoequipo" ("id") DEFERRABLE INITIALLY DEFERRED);
DELETE FROM sqlite_sequence;
INSERT INTO sqlite_sequence VALUES('django_migrations',19);
INSERT INTO sqlite_sequence VALUES('django_admin_log',0);
INSERT INTO sqlite_sequence VALUES('django_content_type',14);
INSERT INTO sqlite_sequence VALUES('auth_permission',56);
INSERT INTO sqlite_sequence VALUES('auth_group',0);
INSERT INTO sqlite_sequence VALUES('auth_user',1);
INSERT INTO sqlite_sequence VALUES('GestionAudiovisualApp_equipo',0);
CREATE UNIQUE INDEX "auth_group_permissions_group_id_permission_id_0cd325b0_uniq" ON "auth_group_permissions" ("group_id", "permission_id");
CREATE INDEX "auth_group_permissions_group_id_b120cbf9" ON "auth_group_permissions" ("group_id");
CREATE INDEX "auth_group_permissions_permission_id_84c5c92e" ON "auth_group_permissions" ("permission_id");
CREATE UNIQUE INDEX "auth_user_groups_user_id_group_id_94350c0c_uniq" ON "auth_user_groups" ("user_id", "group_id");
CREATE INDEX "auth_user_groups_user_id_6a12ed8b" ON "auth_user_groups" ("user_id");
CREATE INDEX "auth_user_groups_group_id_97559544" ON "auth_user_groups" ("group_id");
CREATE UNIQUE INDEX "auth_user_user_permissions_user_id_permission_id_14a6b632_uniq" ON "auth_user_user_permissions" ("user_id", "permission_id");
CREATE INDEX "auth_user_user_permissions_user_id_a95ead1b" ON "auth_user_user_permissions" ("user_id");
CREATE INDEX "auth_user_user_permissions_permission_id_1fbb5f2c" ON "auth_user_user_permissions" ("permission_id");
CREATE INDEX "django_admin_log_content_type_id_c4bce8eb" ON "django_admin_log" ("content_type_id");
CREATE INDEX "django_admin_log_user_id_c564eba6" ON "django_admin_log" ("user_id");
CREATE UNIQUE INDEX "django_content_type_app_label_model_76bd3d3b_uniq" ON "django_content_type" ("app_label", "model");
CREATE UNIQUE INDEX "auth_permission_content_type_id_codename_01ab375a_uniq" ON "auth_permission" ("content_type_id", "codename");
CREATE INDEX "auth_permission_content_type_id_2f476e4b" ON "auth_permission" ("content_type_id");
CREATE INDEX "django_session_expire_date_a5c62663" ON "django_session" ("expire_date");
CREATE INDEX "GestionAudiovisualApp_prestamo_empleado_id_6142b86c" ON "GestionAudiovisualApp_prestamo" ("empleado_id");
CREATE INDEX "GestionAudiovisualApp_prestamo_equipo_id_dd607231" ON "GestionAudiovisualApp_prestamo" ("equipo_id");
CREATE INDEX "GestionAudiovisualApp_prestamo_usuario_id_8e9c1301" ON "GestionAudiovisualApp_prestamo" ("usuario_id");
CREATE INDEX "GestionAudiovisualApp_modelo_marca_id_dd446617" ON "GestionAudiovisualApp_modelo" ("marca_id");
CREATE INDEX "GestionAudiovisualApp_equipo_marca_id_4d6594b9" ON "GestionAudiovisualApp_equipo" ("marca_id");
CREATE INDEX "GestionAudiovisualApp_equipo_modelo_id_1839c36e" ON "GestionAudiovisualApp_equipo" ("modelo_id");
CREATE INDEX "GestionAudiovisualApp_equipo_tecnologia_conexion_id_8b69cd3c" ON "GestionAudiovisualApp_equipo" ("tecnologia_conexion_id");
CREATE INDEX "GestionAudiovisualApp_equipo_tipo_equipo_id_2c5a4dee" ON "GestionAudiovisualApp_equipo" ("tipo_equipo_id");
COMMIT;
